SaleID,SaleDate,CustomerID,ProductID,StoreID,Quantity,UnitPrice,TotalAmount
SALE00015,09-06-2023,CUST0060,PROD015,STORE02,3,8094,24282
SALE00138,21-08-2023,CUST0060,PROD015,STORE02,3,8094,24282
SALE00329,03-08-2024,CUST0060,PROD011,STORE04,4,4513,18052
SALE00401,29-06-2023,CUST0060,PROD030,STORE04,5,954,4770
SALE00492,15-05-2024,CUST0060,PROD016,STORE04,1,1595,1595
SALE00824,08-05-2024,CUST0060,PROD049,STORE04,3,7877,23631
SALE00840,21-05-2023,CUST0060,PROD026,STORE05,5,1736,8680
SALE00870,19-12-2023,CUST0060,PROD004,STORE02,4,6876,27504
SALE00957,27-04-2024,CUST0060,PROD026,STORE01,3,1736,5208
SALE00024,09-04-2023,CUST0059,PROD029,STORE05,1,4837,4837
SALE00054,04-06-2023,CUST0059,PROD047,STORE01,2,8104,16208
SALE00146,18-07-2024,CUST0059,PROD015,STORE02,1,8094,8094
SALE00180,09-07-2024,CUST0059,PROD022,STORE05,5,1391,6955
SALE00481,26-05-2024,CUST0059,PROD041,STORE04,4,3610,14440
SALE00582,18-09-2023,CUST0059,PROD032,STORE05,3,5955,17865
SALE00617,18-02-2024,CUST0059,PROD045,STORE01,2,4489,8978
SALE00722,31-07-2024,CUST0059,PROD008,STORE05,2,9001,18002
SALE00767,04-07-2023,CUST0059,PROD031,STORE01,3,8264,24792
SALE00868,15-10-2023,CUST0059,PROD049,STORE04,5,7877,39385
SALE00900,23-05-2024,CUST0059,PROD010,STORE02,4,5630,22520
SALE00905,29-06-2023,CUST0059,PROD036,STORE04,2,5272,10544
SALE00985,10-05-2023,CUST0059,PROD008,STORE02,4,9001,36004
SALE00512,16-01-2023,CUST0058,PROD018,STORE04,1,3863,3863
SALE00837,27-03-2024,CUST0058,PROD014,STORE03,1,2098,2098
SALE00847,19-02-2023,CUST0058,PROD007,STORE01,3,7626,22878
SALE00878,16-01-2024,CUST0058,PROD032,STORE03,2,5955,11910
SALE00026,12-06-2023,CUST0057,PROD014,STORE02,5,2098,10490
SALE00331,30-11-2023,CUST0057,PROD048,STORE02,5,3031,15155
SALE00472,25-09-2023,CUST0057,PROD031,STORE01,5,8264,41320
SALE00507,09-01-2024,CUST0057,PROD007,STORE04,1,7626,7626
SALE00580,28-11-2023,CUST0057,PROD003,STORE04,2,1406,2812
SALE00866,02-08-2024,CUST0057,PROD014,STORE01,2,2098,4196
SALE00892,06-10-2023,CUST0057,PROD024,STORE03,4,7654,30616
SALE00969,04-12-2023,CUST0057,PROD003,STORE03,5,1406,7030
SALE00034,27-01-2023,CUST0056,PROD011,STORE02,2,4513,9026
SALE00073,21-09-2023,CUST0056,PROD007,STORE04,5,7626,38130
SALE00083,27-02-2023,CUST0056,PROD008,STORE04,2,9001,18002
SALE00150,13-05-2023,CUST0056,PROD033,STORE01,3,7492,22476
SALE00294,01-06-2024,CUST0056,PROD029,STORE01,4,4837,19348
SALE00350,08-02-2023,CUST0056,PROD038,STORE01,3,5891,17673
SALE00463,11-02-2023,CUST0056,PROD049,STORE05,4,7877,31508
SALE00619,16-02-2024,CUST0056,PROD010,STORE03,4,5630,22520
SALE00682,02-01-2023,CUST0056,PROD047,STORE04,1,8104,8104
SALE00877,08-03-2023,CUST0056,PROD008,STORE03,4,9001,36004
SALE00960,24-05-2024,CUST0056,PROD018,STORE05,2,3863,7726
SALE00974,04-11-2023,CUST0056,PROD016,STORE05,5,1595,7975
SALE00052,19-11-2023,CUST0055,PROD022,STORE03,2,1391,2782
SALE00315,13-08-2023,CUST0055,PROD050,STORE01,4,297,1188
SALE00378,21-05-2023,CUST0055,PROD022,STORE01,2,1391,2782
SALE00392,21-07-2023,CUST0055,PROD009,STORE03,4,5675,22700
SALE00394,28-07-2024,CUST0055,PROD001,STORE04,4,5692,22768
SALE00487,11-04-2024,CUST0055,PROD011,STORE04,3,4513,13539
SALE00567,20-01-2023,CUST0055,PROD020,STORE01,2,1953,3906
SALE00644,17-01-2024,CUST0055,PROD022,STORE05,4,1391,5564
SALE00698,25-03-2023,CUST0055,PROD003,STORE04,4,1406,5624
SALE00903,07-12-2023,CUST0055,PROD036,STORE03,2,5272,10544
SALE00930,27-04-2023,CUST0055,PROD025,STORE03,2,7380,14760
SALE00935,26-06-2024,CUST0055,PROD050,STORE02,4,297,1188
SALE00036,11-10-2023,CUST0054,PROD042,STORE05,1,302,302
SALE00066,20-12-2023,CUST0054,PROD001,STORE05,2,5692,11384
SALE00098,07-03-2024,CUST0054,PROD019,STORE05,5,5332,26660
SALE00103,10-04-2023,CUST0054,PROD041,STORE05,2,3610,7220
SALE00184,17-08-2023,CUST0054,PROD012,STORE04,4,3848,15392
SALE00333,17-05-2023,CUST0054,PROD048,STORE05,2,3031,6062
SALE00379,04-04-2024,CUST0054,PROD019,STORE04,4,5332,21328
SALE00494,05-08-2023,CUST0054,PROD043,STORE05,5,4318,21590
SALE00543,24-01-2024,CUST0054,PROD006,STORE05,1,9574,9574
SALE00563,20-05-2024,CUST0054,PROD035,STORE05,3,5349,16047
SALE00618,21-08-2023,CUST0054,PROD026,STORE01,2,1736,3472
SALE00779,25-05-2023,CUST0054,PROD050,STORE01,2,297,594
SALE00818,02-12-2023,CUST0054,PROD042,STORE01,5,302,1510
SALE00948,20-09-2023,CUST0054,PROD010,STORE04,4,5630,22520
SALE00959,20-08-2024,CUST0054,PROD007,STORE01,5,7626,38130
SALE00983,30-04-2023,CUST0054,PROD001,STORE05,1,5692,5692
SALE00127,29-01-2024,CUST0053,PROD018,STORE02,5,3863,19315
SALE00206,25-03-2024,CUST0053,PROD038,STORE05,2,5891,11782
SALE00228,23-02-2023,CUST0053,PROD022,STORE01,4,1391,5564
SALE00367,15-01-2023,CUST0053,PROD019,STORE03,5,5332,26660
SALE00574,30-03-2023,CUST0053,PROD047,STORE03,1,8104,8104
SALE00586,29-03-2024,CUST0053,PROD040,STORE02,5,5031,25155
SALE00656,06-08-2024,CUST0053,PROD048,STORE01,4,3031,12124
SALE00696,14-11-2023,CUST0053,PROD013,STORE02,3,763,2289
SALE00712,03-04-2023,CUST0053,PROD022,STORE05,1,1391,1391
SALE00720,27-04-2023,CUST0053,PROD005,STORE01,2,5964,11928
SALE00966,01-08-2023,CUST0053,PROD019,STORE05,2,5332,10664
SALE00060,12-02-2024,CUST0052,PROD041,STORE04,5,3610,18050
SALE00099,04-07-2024,CUST0052,PROD028,STORE03,4,798,3192
SALE00188,01-11-2023,CUST0052,PROD021,STORE04,1,6685,6685
SALE00478,19-10-2023,CUST0052,PROD028,STORE03,3,798,2394
SALE00545,22-05-2023,CUST0052,PROD013,STORE01,2,763,1526
SALE00705,31-08-2023,CUST0052,PROD009,STORE04,2,5675,11350
SALE00759,17-07-2023,CUST0052,PROD006,STORE02,5,9574,47870
SALE00159,13-07-2023,CUST0051,PROD036,STORE02,5,5272,26360
SALE00167,19-02-2024,CUST0051,PROD013,STORE05,3,763,2289
SALE00262,12-12-2023,CUST0051,PROD029,STORE05,2,4837,9674
SALE00456,25-12-2023,CUST0051,PROD026,STORE04,1,1736,1736
SALE00486,01-07-2024,CUST0051,PROD035,STORE01,4,5349,21396
SALE00659,15-07-2024,CUST0051,PROD036,STORE03,4,5272,21088
SALE00671,13-03-2023,CUST0051,PROD045,STORE01,5,4489,22445
SALE00805,12-04-2023,CUST0051,PROD027,STORE02,2,3796,7592
SALE00891,29-05-2024,CUST0051,PROD010,STORE01,5,5630,28150
SALE00968,01-08-2023,CUST0051,PROD015,STORE02,5,8094,40470
SALE00984,29-02-2024,CUST0051,PROD015,STORE01,1,8094,8094
SALE00013,31-10-2023,CUST0050,PROD001,STORE05,4,5692,22768
SALE00018,27-07-2023,CUST0050,PROD020,STORE04,3,1953,5859
SALE00022,11-09-2023,CUST0050,PROD009,STORE03,3,5675,17025
SALE00070,23-07-2024,CUST0050,PROD031,STORE05,1,8264,8264
SALE00121,22-02-2024,CUST0050,PROD005,STORE05,3,5964,17892
SALE00308,27-07-2024,CUST0050,PROD005,STORE05,1,5964,5964
SALE00428,09-11-2023,CUST0050,PROD028,STORE03,3,798,2394
SALE00484,24-02-2023,CUST0050,PROD017,STORE04,5,3404,17020
SALE00495,11-02-2023,CUST0050,PROD006,STORE05,1,9574,9574
SALE00532,19-06-2023,CUST0050,PROD046,STORE04,2,2427,4854
SALE00541,23-09-2023,CUST0050,PROD026,STORE05,1,1736,1736
SALE00613,23-04-2023,CUST0050,PROD020,STORE02,1,1953,1953
SALE00967,30-08-2023,CUST0050,PROD016,STORE02,5,1595,7975
SALE00989,20-08-2023,CUST0050,PROD041,STORE05,5,3610,18050
SALE00025,04-12-2023,CUST0049,PROD028,STORE05,2,798,1596
SALE00144,31-01-2024,CUST0049,PROD033,STORE02,1,7492,7492
SALE00240,16-07-2024,CUST0049,PROD023,STORE03,1,3681,3681
SALE00270,10-09-2023,CUST0049,PROD009,STORE05,4,5675,22700
SALE00301,21-03-2024,CUST0049,PROD017,STORE05,1,3404,3404
SALE00398,22-02-2024,CUST0049,PROD042,STORE01,3,302,906
SALE00479,29-01-2023,CUST0049,PROD003,STORE03,5,1406,7030
SALE00485,08-11-2023,CUST0049,PROD040,STORE02,1,5031,5031
SALE00585,25-06-2023,CUST0049,PROD035,STORE01,2,5349,10698
SALE00664,11-07-2024,CUST0049,PROD037,STORE03,1,1807,1807
SALE00817,21-01-2023,CUST0049,PROD040,STORE02,3,5031,15093
SALE00819,04-05-2023,CUST0049,PROD041,STORE05,1,3610,3610
SALE00310,27-01-2024,CUST0048,PROD005,STORE02,2,5964,11928
SALE00443,21-01-2024,CUST0048,PROD005,STORE01,3,5964,17892
SALE00497,11-05-2023,CUST0048,PROD035,STORE05,2,5349,10698
SALE00537,29-01-2023,CUST0048,PROD048,STORE01,1,3031,3031
SALE00649,21-05-2024,CUST0048,PROD005,STORE05,1,5964,5964
SALE00753,02-01-2024,CUST0048,PROD037,STORE04,4,1807,7228
SALE00815,30-12-2023,CUST0048,PROD039,STORE05,3,5635,16905
SALE00906,15-07-2023,CUST0048,PROD045,STORE02,2,4489,8978
SALE00938,01-03-2023,CUST0048,PROD049,STORE02,3,7877,23631
SALE00947,09-07-2023,CUST0048,PROD046,STORE04,3,2427,7281
SALE00953,24-02-2024,CUST0048,PROD004,STORE02,4,6876,27504
SALE00056,14-04-2023,CUST0047,PROD017,STORE04,1,3404,3404
SALE00076,16-12-2023,CUST0047,PROD014,STORE02,3,2098,6294
SALE00145,13-04-2024,CUST0047,PROD013,STORE02,4,763,3052
SALE00227,02-11-2023,CUST0047,PROD013,STORE03,4,763,3052
SALE00313,22-11-2023,CUST0047,PROD034,STORE03,2,6628,13256
SALE00362,20-08-2024,CUST0047,PROD043,STORE01,2,4318,8636
SALE00483,15-08-2023,CUST0047,PROD018,STORE04,2,3863,7726
SALE00589,09-02-2023,CUST0047,PROD044,STORE03,5,9058,45290
SALE00595,02-12-2023,CUST0047,PROD024,STORE05,4,7654,30616
SALE00728,05-07-2024,CUST0047,PROD043,STORE01,5,4318,21590
SALE00789,10-06-2023,CUST0047,PROD008,STORE02,1,9001,9001
SALE00990,11-10-2023,CUST0047,PROD011,STORE05,3,4513,13539
SALE00136,19-01-2023,CUST0046,PROD041,STORE04,1,3610,3610
SALE00438,31-05-2023,CUST0046,PROD030,STORE03,5,954,4770
SALE00462,08-05-2023,CUST0046,PROD003,STORE03,5,1406,7030
SALE00555,14-08-2023,CUST0046,PROD023,STORE01,1,3681,3681
SALE00723,22-10-2023,CUST0046,PROD019,STORE02,2,5332,10664
SALE00757,20-01-2023,CUST0046,PROD029,STORE02,2,4837,9674
SALE00845,03-06-2023,CUST0046,PROD033,STORE03,3,7492,22476
SALE00860,16-11-2023,CUST0046,PROD033,STORE05,3,7492,22476
SALE00991,19-07-2023,CUST0046,PROD040,STORE03,1,5031,5031
SALE00078,16-04-2023,CUST0045,PROD049,STORE02,3,7877,23631
SALE00082,07-05-2023,CUST0045,PROD014,STORE04,1,2098,2098
SALE00124,07-05-2024,CUST0045,PROD032,STORE03,3,5955,17865
SALE00174,27-12-2023,CUST0045,PROD050,STORE05,1,297,297
SALE00242,18-05-2023,CUST0045,PROD048,STORE04,1,3031,3031
SALE00254,14-07-2023,CUST0045,PROD008,STORE03,3,9001,27003
SALE00293,29-02-2024,CUST0045,PROD037,STORE05,5,1807,9035
SALE00475,20-04-2024,CUST0045,PROD001,STORE04,2,5692,11384
SALE00502,13-02-2023,CUST0045,PROD009,STORE01,3,5675,17025
SALE00564,31-05-2024,CUST0045,PROD015,STORE05,5,8094,40470
SALE00881,28-07-2023,CUST0045,PROD007,STORE01,3,7626,22878
SALE00005,03-05-2024,CUST0044,PROD011,STORE03,1,4513,4513
SALE00186,15-06-2024,CUST0044,PROD029,STORE05,1,4837,4837
SALE00281,08-02-2023,CUST0044,PROD028,STORE03,1,798,798
SALE00390,06-03-2024,CUST0044,PROD023,STORE02,1,3681,3681
SALE00452,25-04-2023,CUST0044,PROD050,STORE05,1,297,297
SALE00668,15-05-2024,CUST0044,PROD042,STORE04,5,302,1510
SALE00792,11-08-2024,CUST0044,PROD022,STORE01,1,1391,1391
SALE00887,07-11-2023,CUST0044,PROD036,STORE04,2,5272,10544
SALE00933,22-06-2023,CUST0044,PROD047,STORE04,4,8104,32416
SALE00001,22-11-2023,CUST0043,PROD010,STORE01,5,5630,28150
SALE00092,27-03-2023,CUST0043,PROD008,STORE04,1,9001,9001
SALE00151,03-08-2023,CUST0043,PROD034,STORE05,5,6628,33140
SALE00171,22-06-2023,CUST0043,PROD004,STORE03,5,6876,34380
SALE00347,25-05-2023,CUST0043,PROD045,STORE01,1,4489,4489
SALE00375,03-07-2024,CUST0043,PROD018,STORE02,2,3863,7726
SALE00433,21-09-2023,CUST0043,PROD024,STORE01,2,7654,15308
SALE00441,23-03-2023,CUST0043,PROD036,STORE04,2,5272,10544
SALE00449,30-12-2023,CUST0043,PROD008,STORE01,1,9001,9001
SALE00641,10-05-2023,CUST0043,PROD002,STORE04,4,7492,29968
SALE00213,15-04-2023,CUST0042,PROD006,STORE01,3,9574,28722
SALE00558,28-07-2024,CUST0042,PROD021,STORE01,5,6685,33425
SALE00575,02-08-2024,CUST0042,PROD023,STORE02,5,3681,18405
SALE00633,02-02-2023,CUST0042,PROD040,STORE03,3,5031,15093
SALE00636,05-03-2024,CUST0042,PROD032,STORE04,2,5955,11910
SALE00729,03-06-2024,CUST0042,PROD029,STORE02,4,4837,19348
SALE00752,09-07-2024,CUST0042,PROD038,STORE02,4,5891,23564
SALE00761,10-06-2023,CUST0042,PROD007,STORE04,1,7626,7626
SALE00763,04-05-2024,CUST0042,PROD048,STORE03,4,3031,12124
SALE00773,07-12-2023,CUST0042,PROD032,STORE04,1,5955,5955
SALE00796,16-08-2024,CUST0042,PROD023,STORE04,5,3681,18405
SALE00820,20-02-2023,CUST0042,PROD032,STORE03,4,5955,23820
SALE00852,27-04-2024,CUST0042,PROD050,STORE04,4,297,1188
SALE00854,07-03-2024,CUST0042,PROD047,STORE01,5,8104,40520
SALE00912,27-08-2023,CUST0042,PROD033,STORE01,1,7492,7492
SALE00980,21-01-2023,CUST0042,PROD045,STORE02,2,4489,8978
SALE00996,08-01-2023,CUST0042,PROD049,STORE05,5,7877,39385
SALE00027,10-06-2023,CUST0041,PROD006,STORE05,4,9574,38296
SALE00237,15-06-2023,CUST0041,PROD030,STORE01,1,954,954
SALE00288,21-08-2023,CUST0041,PROD014,STORE03,5,2098,10490
SALE00361,11-09-2023,CUST0041,PROD038,STORE05,4,5891,23564
SALE00839,28-12-2023,CUST0041,PROD014,STORE04,3,2098,6294
SALE00865,29-10-2023,CUST0041,PROD032,STORE01,3,5955,17865
SALE00896,13-10-2023,CUST0041,PROD018,STORE03,5,3863,19315
SALE00951,11-04-2023,CUST0041,PROD019,STORE04,4,5332,21328
SALE00988,30-08-2023,CUST0041,PROD035,STORE03,2,5349,10698
SALE00081,18-04-2024,CUST0040,PROD013,STORE01,5,763,3815
SALE00094,10-03-2023,CUST0040,PROD021,STORE02,1,6685,6685
SALE00241,13-05-2023,CUST0040,PROD029,STORE01,5,4837,24185
SALE00273,31-12-2023,CUST0040,PROD022,STORE02,2,1391,2782
SALE00370,10-05-2023,CUST0040,PROD021,STORE03,3,6685,20055
SALE00457,05-10-2023,CUST0040,PROD027,STORE05,3,3796,11388
SALE00624,11-07-2023,CUST0040,PROD016,STORE03,1,1595,1595
SALE00647,25-03-2023,CUST0040,PROD025,STORE02,3,7380,22140
SALE00661,15-12-2023,CUST0040,PROD035,STORE03,4,5349,21396
SALE00823,08-01-2024,CUST0040,PROD013,STORE01,4,763,3052
SALE00876,18-08-2023,CUST0040,PROD042,STORE01,2,302,604
SALE00063,20-01-2023,CUST0039,PROD017,STORE05,1,3404,3404
SALE00197,12-11-2023,CUST0039,PROD011,STORE02,2,4513,9026
SALE00239,25-06-2024,CUST0039,PROD022,STORE03,2,1391,2782
SALE00296,18-03-2024,CUST0039,PROD027,STORE03,3,3796,11388
SALE00348,17-05-2024,CUST0039,PROD012,STORE04,2,3848,7696
SALE00430,24-11-2023,CUST0039,PROD040,STORE01,1,5031,5031
SALE00459,17-03-2024,CUST0039,PROD046,STORE01,5,2427,12135
SALE00573,30-04-2023,CUST0039,PROD016,STORE01,5,1595,7975
SALE00588,15-08-2024,CUST0039,PROD014,STORE02,2,2098,4196
SALE00591,25-04-2023,CUST0039,PROD022,STORE04,2,1391,2782
SALE00643,22-06-2024,CUST0039,PROD027,STORE05,3,3796,11388
SALE00663,13-01-2024,CUST0039,PROD049,STORE02,3,7877,23631
SALE00846,20-10-2023,CUST0039,PROD016,STORE03,4,1595,6380
SALE00142,20-05-2024,CUST0038,PROD035,STORE04,5,5349,26745
SALE00245,10-03-2023,CUST0038,PROD039,STORE02,2,5635,11270
SALE00289,26-05-2023,CUST0038,PROD022,STORE03,4,1391,5564
SALE00421,21-09-2023,CUST0038,PROD043,STORE01,5,4318,21590
SALE00439,27-05-2023,CUST0038,PROD015,STORE05,5,8094,40470
SALE00500,22-04-2024,CUST0038,PROD038,STORE04,2,5891,11782
SALE00526,08-02-2023,CUST0038,PROD002,STORE03,1,7492,7492
SALE00528,01-02-2024,CUST0038,PROD015,STORE05,2,8094,16188
SALE00632,07-01-2023,CUST0038,PROD047,STORE05,5,8104,40520
SALE00736,25-05-2023,CUST0038,PROD027,STORE03,3,3796,11388
SALE00994,03-08-2024,CUST0038,PROD042,STORE05,4,302,1208
SALE00999,20-01-2024,CUST0038,PROD026,STORE05,5,1736,8680
SALE00044,01-06-2024,CUST0037,PROD005,STORE05,3,5964,17892
SALE00101,23-01-2023,CUST0037,PROD034,STORE01,2,6628,13256
SALE00115,12-02-2023,CUST0037,PROD027,STORE04,4,3796,15184
SALE00257,20-02-2023,CUST0037,PROD029,STORE02,3,4837,14511
SALE00332,11-01-2024,CUST0037,PROD041,STORE05,3,3610,10830
SALE00600,19-06-2023,CUST0037,PROD042,STORE01,4,302,1208
SALE00625,07-06-2024,CUST0037,PROD015,STORE02,1,8094,8094
SALE00838,21-06-2023,CUST0037,PROD010,STORE04,5,5630,28150
SALE00956,27-07-2024,CUST0037,PROD004,STORE01,5,6876,34380
SALE00009,20-09-2023,CUST0036,PROD041,STORE03,4,3610,14440
SALE00234,01-12-2023,CUST0036,PROD045,STORE03,3,4489,13467
SALE00811,12-01-2023,CUST0036,PROD017,STORE05,5,3404,17020
SALE00826,24-05-2023,CUST0036,PROD002,STORE05,2,7492,14984
SALE00897,25-03-2023,CUST0036,PROD045,STORE04,2,4489,8978
SALE00927,11-03-2024,CUST0036,PROD004,STORE02,3,6876,20628
SALE00059,21-06-2024,CUST0035,PROD008,STORE02,3,9001,27003
SALE00122,15-07-2023,CUST0035,PROD023,STORE05,2,3681,7362
SALE00338,17-08-2023,CUST0035,PROD014,STORE03,4,2098,8392
SALE00365,08-06-2023,CUST0035,PROD021,STORE02,4,6685,26740
SALE00385,06-04-2024,CUST0035,PROD045,STORE02,1,4489,4489
SALE00412,14-11-2023,CUST0035,PROD020,STORE02,5,1953,9765
SALE00458,08-05-2024,CUST0035,PROD010,STORE01,4,5630,22520
SALE00461,16-03-2023,CUST0035,PROD002,STORE01,2,7492,14984
SALE00678,29-03-2023,CUST0035,PROD019,STORE02,1,5332,5332
SALE00717,30-12-2023,CUST0035,PROD044,STORE01,4,9058,36232
SALE00748,11-10-2023,CUST0035,PROD030,STORE05,1,954,954
SALE00800,06-03-2023,CUST0035,PROD029,STORE01,4,4837,19348
SALE00477,29-12-2023,CUST0034,PROD002,STORE01,1,7492,7492
SALE00529,10-06-2023,CUST0034,PROD029,STORE05,5,4837,24185
SALE00533,18-02-2024,CUST0034,PROD005,STORE04,3,5964,17892
SALE00654,28-09-2023,CUST0034,PROD018,STORE01,4,3863,15452
SALE00732,10-01-2024,CUST0034,PROD002,STORE05,5,7492,37460
SALE00029,18-05-2024,CUST0033,PROD015,STORE03,3,8094,24282
SALE00110,15-01-2024,CUST0033,PROD032,STORE03,1,5955,5955
SALE00190,15-04-2024,CUST0033,PROD001,STORE04,1,5692,5692
SALE00278,01-10-2023,CUST0033,PROD037,STORE03,2,1807,3614
SALE00325,15-11-2023,CUST0033,PROD039,STORE02,5,5635,28175
SALE00352,26-01-2024,CUST0033,PROD038,STORE03,3,5891,17673
SALE00594,16-10-2023,CUST0033,PROD034,STORE03,3,6628,19884
SALE00616,22-11-2023,CUST0033,PROD002,STORE05,3,7492,22476
SALE00802,17-04-2024,CUST0033,PROD011,STORE01,1,4513,4513
SALE00829,11-08-2024,CUST0033,PROD041,STORE01,4,3610,14440
SALE00992,20-03-2023,CUST0033,PROD011,STORE05,1,4513,4513
SALE00224,14-12-2023,CUST0032,PROD025,STORE01,2,7380,14760
SALE00340,14-06-2023,CUST0032,PROD020,STORE04,5,1953,9765
SALE00349,14-04-2023,CUST0032,PROD013,STORE01,3,763,2289
SALE00568,26-07-2024,CUST0032,PROD018,STORE02,3,3863,11589
SALE00667,04-06-2024,CUST0032,PROD001,STORE03,1,5692,5692
SALE00691,09-01-2023,CUST0032,PROD014,STORE04,1,2098,2098
SALE00707,05-11-2023,CUST0032,PROD038,STORE01,3,5891,17673
SALE00271,30-10-2023,CUST0031,PROD034,STORE05,2,6628,13256
SALE00291,04-01-2024,CUST0031,PROD050,STORE02,4,297,1188
SALE00393,09-11-2023,CUST0031,PROD046,STORE05,5,2427,12135
SALE00515,02-06-2024,CUST0031,PROD028,STORE04,1,798,798
SALE00596,19-12-2023,CUST0031,PROD036,STORE04,3,5272,15816
SALE00602,26-02-2024,CUST0031,PROD021,STORE04,4,6685,26740
SALE00857,12-08-2024,CUST0031,PROD045,STORE01,5,4489,22445
SALE00898,31-03-2024,CUST0031,PROD019,STORE05,1,5332,5332
SALE00117,12-01-2023,CUST0030,PROD037,STORE01,2,1807,3614
SALE00161,26-02-2024,CUST0030,PROD050,STORE02,3,297,891
SALE00170,14-06-2024,CUST0030,PROD016,STORE05,3,1595,4785
SALE00192,24-12-2023,CUST0030,PROD038,STORE03,4,5891,23564
SALE00216,12-03-2024,CUST0030,PROD043,STORE02,5,4318,21590
SALE00284,20-06-2024,CUST0030,PROD045,STORE04,1,4489,4489
SALE00437,07-01-2023,CUST0030,PROD037,STORE05,2,1807,3614
SALE00530,01-03-2024,CUST0030,PROD012,STORE05,4,3848,15392
SALE00609,11-08-2024,CUST0030,PROD024,STORE05,5,7654,38270
SALE00623,20-11-2023,CUST0030,PROD034,STORE03,3,6628,19884
SALE00672,01-10-2023,CUST0030,PROD040,STORE02,2,5031,10062
SALE00710,28-02-2023,CUST0030,PROD032,STORE03,3,5955,17865
SALE00713,28-11-2023,CUST0030,PROD039,STORE02,1,5635,5635
SALE00835,20-03-2024,CUST0030,PROD018,STORE04,2,3863,7726
SALE00850,14-03-2024,CUST0030,PROD022,STORE03,2,1391,2782
SALE00125,17-02-2024,CUST0029,PROD044,STORE02,4,9058,36232
SALE00168,20-03-2024,CUST0029,PROD029,STORE02,4,4837,19348
SALE00299,04-08-2024,CUST0029,PROD010,STORE05,4,5630,22520
SALE00376,29-10-2023,CUST0029,PROD001,STORE05,3,5692,17076
SALE00648,28-03-2024,CUST0029,PROD002,STORE04,3,7492,22476
SALE00871,14-03-2023,CUST0029,PROD014,STORE01,1,2098,2098
SALE00143,10-03-2023,CUST0028,PROD013,STORE03,3,763,2289
SALE00258,05-01-2023,CUST0028,PROD007,STORE04,2,7626,15252
SALE00540,27-08-2023,CUST0028,PROD028,STORE04,1,798,798
SALE00627,30-04-2023,CUST0028,PROD020,STORE03,3,1953,5859
SALE00638,09-04-2023,CUST0028,PROD025,STORE04,5,7380,36900
SALE00742,10-01-2023,CUST0028,PROD018,STORE01,3,3863,11589
SALE00061,20-05-2024,CUST0027,PROD025,STORE02,1,7380,7380
SALE00064,26-05-2024,CUST0027,PROD045,STORE04,4,4489,17956
SALE00069,30-05-2023,CUST0027,PROD014,STORE04,2,2098,4196
SALE00152,23-08-2023,CUST0027,PROD042,STORE03,3,302,906
SALE00187,06-02-2024,CUST0027,PROD020,STORE05,1,1953,1953
SALE00236,04-11-2023,CUST0027,PROD017,STORE04,1,3404,3404
SALE00418,13-07-2023,CUST0027,PROD048,STORE02,4,3031,12124
SALE00450,07-06-2023,CUST0027,PROD009,STORE05,3,5675,17025
SALE00615,23-03-2024,CUST0027,PROD001,STORE05,5,5692,28460
SALE00715,24-01-2023,CUST0027,PROD037,STORE03,4,1807,7228
SALE00053,15-10-2023,CUST0026,PROD003,STORE04,2,1406,2812
SALE00065,15-04-2024,CUST0026,PROD023,STORE03,4,3681,14724
SALE00118,10-09-2023,CUST0026,PROD050,STORE03,3,297,891
SALE00314,28-04-2023,CUST0026,PROD048,STORE02,4,3031,12124
SALE00344,06-02-2024,CUST0026,PROD048,STORE01,3,3031,9093
SALE00414,21-04-2024,CUST0026,PROD003,STORE02,3,1406,4218
SALE00546,20-11-2023,CUST0026,PROD011,STORE01,2,4513,9026
SALE00677,02-08-2023,CUST0026,PROD034,STORE04,3,6628,19884
SALE00803,01-11-2023,CUST0026,PROD044,STORE04,1,9058,9058
SALE00971,09-04-2024,CUST0026,PROD006,STORE05,3,9574,28722
SALE00129,09-04-2023,CUST0025,PROD014,STORE03,4,2098,8392
SALE00342,27-07-2024,CUST0025,PROD011,STORE04,4,4513,18052
SALE00387,09-02-2024,CUST0025,PROD022,STORE05,2,1391,2782
SALE00548,07-03-2024,CUST0025,PROD012,STORE03,1,3848,3848
SALE00639,03-05-2024,CUST0025,PROD036,STORE05,5,5272,26360
SALE00686,02-05-2023,CUST0025,PROD010,STORE02,2,5630,11260
SALE00693,05-01-2024,CUST0025,PROD016,STORE04,4,1595,6380
SALE00784,14-10-2023,CUST0025,PROD048,STORE01,5,3031,15155
SALE00949,17-09-2023,CUST0025,PROD007,STORE05,4,7626,30504
SALE00952,09-08-2023,CUST0025,PROD021,STORE02,4,6685,26740
SALE00997,19-07-2023,CUST0025,PROD050,STORE05,1,297,297
SALE00104,29-06-2023,CUST0024,PROD011,STORE04,2,4513,9026
SALE00209,09-01-2024,CUST0024,PROD018,STORE02,1,3863,3863
SALE00222,21-03-2024,CUST0024,PROD043,STORE05,1,4318,4318
SALE00416,12-08-2024,CUST0024,PROD021,STORE03,3,6685,20055
SALE00445,15-06-2024,CUST0024,PROD012,STORE05,5,3848,19240
SALE00468,08-12-2023,CUST0024,PROD047,STORE04,5,8104,40520
SALE00469,27-01-2023,CUST0024,PROD024,STORE04,1,7654,7654
SALE00583,14-08-2023,CUST0024,PROD010,STORE05,4,5630,22520
SALE00665,25-07-2023,CUST0024,PROD041,STORE02,1,3610,3610
SALE00681,30-08-2023,CUST0024,PROD007,STORE01,4,7626,30504
SALE00694,21-09-2023,CUST0024,PROD040,STORE02,2,5031,10062
SALE00740,28-02-2024,CUST0024,PROD014,STORE05,4,2098,8392
SALE00080,27-02-2023,CUST0023,PROD049,STORE05,2,7877,15754
SALE00090,17-03-2023,CUST0023,PROD019,STORE05,2,5332,10664
SALE00113,30-07-2024,CUST0023,PROD026,STORE04,1,1736,1736
SALE00177,10-07-2023,CUST0023,PROD023,STORE05,4,3681,14724
SALE00277,29-12-2023,CUST0023,PROD031,STORE04,4,8264,33056
SALE00324,18-08-2024,CUST0023,PROD017,STORE03,1,3404,3404
SALE00341,14-01-2024,CUST0023,PROD008,STORE05,2,9001,18002
SALE00373,10-10-2023,CUST0023,PROD009,STORE02,5,5675,28375
SALE00406,25-03-2023,CUST0023,PROD016,STORE01,1,1595,1595
SALE00425,28-03-2023,CUST0023,PROD028,STORE03,4,798,3192
SALE00501,07-06-2024,CUST0023,PROD047,STORE02,3,8104,24312
SALE00542,25-12-2023,CUST0023,PROD043,STORE01,4,4318,17272
SALE00544,03-01-2023,CUST0023,PROD041,STORE02,5,3610,18050
SALE00565,23-02-2023,CUST0023,PROD038,STORE05,1,5891,5891
SALE00746,27-05-2024,CUST0023,PROD004,STORE03,1,6876,6876
SALE00882,20-12-2023,CUST0023,PROD039,STORE02,4,5635,22540
SALE00934,12-01-2023,CUST0023,PROD033,STORE05,4,7492,29968
SALE00941,11-12-2023,CUST0023,PROD004,STORE01,2,6876,13752
SALE00079,30-04-2023,CUST0022,PROD042,STORE05,3,302,906
SALE00116,12-10-2023,CUST0022,PROD022,STORE05,5,1391,6955
SALE00164,25-05-2024,CUST0022,PROD008,STORE01,1,9001,9001
SALE00181,22-06-2023,CUST0022,PROD005,STORE01,5,5964,29820
SALE00183,22-07-2023,CUST0022,PROD008,STORE05,4,9001,36004
SALE00264,14-03-2023,CUST0022,PROD030,STORE04,2,954,1908
SALE00297,12-01-2024,CUST0022,PROD049,STORE04,1,7877,7877
SALE00621,05-10-2023,CUST0022,PROD042,STORE01,4,302,1208
SALE00655,27-07-2023,CUST0022,PROD026,STORE01,3,1736,5208
SALE00695,14-11-2023,CUST0022,PROD034,STORE03,4,6628,26512
SALE00833,08-08-2024,CUST0022,PROD044,STORE02,5,9058,45290
SALE00879,16-09-2023,CUST0022,PROD009,STORE03,2,5675,11350
SALE00888,21-03-2024,CUST0022,PROD049,STORE03,1,7877,7877
SALE00049,10-06-2023,CUST0021,PROD007,STORE05,3,7626,22878
SALE00165,28-10-2023,CUST0021,PROD003,STORE02,4,1406,5624
SALE00323,13-01-2023,CUST0021,PROD001,STORE03,2,5692,11384
SALE00521,09-06-2024,CUST0021,PROD004,STORE04,3,6876,20628
SALE00662,19-06-2024,CUST0021,PROD034,STORE04,4,6628,26512
SALE00724,06-01-2024,CUST0021,PROD028,STORE04,2,798,1596
SALE00769,21-10-2023,CUST0021,PROD028,STORE02,4,798,3192
SALE00790,30-03-2023,CUST0021,PROD040,STORE01,5,5031,25155
SALE00814,12-02-2023,CUST0021,PROD025,STORE02,2,7380,14760
SALE00899,04-04-2024,CUST0021,PROD018,STORE05,4,3863,15452
SALE00140,30-03-2024,CUST0020,PROD010,STORE02,4,5630,22520
SALE00275,08-11-2023,CUST0020,PROD001,STORE01,3,5692,17076
SALE00442,06-06-2024,CUST0020,PROD015,STORE05,2,8094,16188
SALE00922,10-04-2024,CUST0020,PROD016,STORE04,4,1595,6380
SALE00982,15-04-2023,CUST0020,PROD040,STORE03,1,5031,5031
SALE00106,21-11-2023,CUST0019,PROD020,STORE01,5,1953,9765
SALE00141,19-01-2024,CUST0019,PROD031,STORE01,4,8264,33056
SALE00207,30-08-2023,CUST0019,PROD003,STORE03,3,1406,4218
SALE00316,23-04-2023,CUST0019,PROD036,STORE01,4,5272,21088
SALE00366,04-08-2023,CUST0019,PROD011,STORE01,4,4513,18052
SALE00524,20-06-2023,CUST0019,PROD029,STORE01,2,4837,9674
SALE00650,23-07-2024,CUST0019,PROD014,STORE03,4,2098,8392
SALE00719,24-02-2024,CUST0019,PROD001,STORE02,2,5692,11384
SALE00795,19-01-2023,CUST0019,PROD032,STORE04,2,5955,11910
SALE00931,27-01-2024,CUST0019,PROD041,STORE02,5,3610,18050
SALE00028,02-02-2024,CUST0018,PROD036,STORE05,5,5272,26360
SALE00050,08-05-2023,CUST0018,PROD047,STORE02,2,8104,16208
SALE00071,23-02-2023,CUST0018,PROD005,STORE05,3,5964,17892
SALE00172,08-08-2023,CUST0018,PROD035,STORE04,2,5349,10698
SALE00199,10-02-2023,CUST0018,PROD009,STORE04,4,5675,22700
SALE00355,16-10-2023,CUST0018,PROD013,STORE01,4,763,3052
SALE00467,10-08-2024,CUST0018,PROD014,STORE03,5,2098,10490
SALE00536,08-02-2023,CUST0018,PROD032,STORE03,4,5955,23820
SALE00651,10-06-2024,CUST0018,PROD008,STORE01,2,9001,18002
SALE00721,26-05-2024,CUST0018,PROD042,STORE04,4,302,1208
SALE00915,07-06-2023,CUST0018,PROD031,STORE04,2,8264,16528
SALE00936,22-03-2024,CUST0018,PROD016,STORE02,5,1595,7975
SALE00963,15-04-2024,CUST0018,PROD022,STORE04,2,1391,2782
SALE00256,02-03-2023,CUST0017,PROD015,STORE01,2,8094,16188
SALE00303,01-07-2024,CUST0017,PROD043,STORE01,2,4318,8636
SALE00404,05-06-2023,CUST0017,PROD044,STORE05,2,9058,18116
SALE00440,01-07-2024,CUST0017,PROD002,STORE01,5,7492,37460
SALE00559,31-08-2023,CUST0017,PROD029,STORE03,5,4837,24185
SALE00708,16-08-2024,CUST0017,PROD015,STORE03,2,8094,16188
SALE00774,18-12-2023,CUST0017,PROD049,STORE04,5,7877,39385
SALE00849,26-05-2023,CUST0017,PROD034,STORE03,3,6628,19884
SALE00961,27-07-2024,CUST0017,PROD026,STORE02,3,1736,5208
SALE00133,30-09-2023,CUST0016,PROD024,STORE03,1,7654,7654
SALE00269,14-09-2023,CUST0016,PROD019,STORE01,1,5332,5332
SALE00274,09-06-2024,CUST0016,PROD018,STORE02,3,3863,11589
SALE00482,23-04-2023,CUST0016,PROD009,STORE03,3,5675,17025
SALE00527,30-05-2024,CUST0016,PROD030,STORE01,5,954,4770
SALE00557,24-07-2024,CUST0016,PROD014,STORE01,4,2098,8392
SALE00688,16-04-2023,CUST0016,PROD015,STORE05,4,8094,32376
SALE00834,08-06-2023,CUST0016,PROD043,STORE05,1,4318,4318
SALE00874,31-05-2024,CUST0016,PROD019,STORE05,4,5332,21328
SALE00909,23-05-2023,CUST0016,PROD012,STORE03,4,3848,15392
SALE00916,06-04-2024,CUST0016,PROD003,STORE04,3,1406,4218
SALE00032,14-04-2024,CUST0015,PROD021,STORE04,5,6685,33425
SALE00571,04-08-2023,CUST0015,PROD041,STORE05,3,3610,10830
SALE00610,07-06-2024,CUST0015,PROD033,STORE03,2,7492,14984
SALE00711,04-02-2023,CUST0015,PROD048,STORE01,5,3031,15155
SALE00737,28-01-2023,CUST0015,PROD048,STORE01,2,3031,6062
SALE00787,08-08-2023,CUST0015,PROD010,STORE05,2,5630,11260
SALE00859,11-09-2023,CUST0015,PROD021,STORE01,1,6685,6685
SALE00356,22-04-2024,CUST0014,PROD033,STORE03,3,7492,22476
SALE00389,01-01-2023,CUST0014,PROD036,STORE04,3,5272,15816
SALE00419,23-04-2023,CUST0014,PROD027,STORE01,2,3796,7592
SALE00470,14-10-2023,CUST0014,PROD020,STORE05,3,1953,5859
SALE00599,11-12-2023,CUST0014,PROD040,STORE04,5,5031,25155
SALE00766,05-08-2023,CUST0014,PROD006,STORE05,2,9574,19148
SALE00844,06-08-2024,CUST0014,PROD036,STORE04,1,5272,5272
SALE00945,09-04-2023,CUST0014,PROD037,STORE02,5,1807,9035
SALE00962,09-02-2024,CUST0014,PROD046,STORE01,5,2427,12135
SALE00131,04-01-2024,CUST0013,PROD020,STORE04,5,1953,9765
SALE00137,31-01-2024,CUST0013,PROD038,STORE01,5,5891,29455
SALE00211,09-10-2023,CUST0013,PROD030,STORE03,1,954,954
SALE00235,10-03-2024,CUST0013,PROD031,STORE02,2,8264,16528
SALE00377,31-01-2024,CUST0013,PROD019,STORE04,2,5332,10664
SALE00513,27-03-2023,CUST0013,PROD031,STORE04,2,8264,16528
SALE00809,29-03-2024,CUST0013,PROD002,STORE05,4,7492,29968
SALE00995,24-03-2024,CUST0013,PROD047,STORE03,5,8104,40520
SALE00175,22-01-2024,CUST0012,PROD010,STORE03,5,5630,28150
SALE00295,09-10-2023,CUST0012,PROD002,STORE04,2,7492,14984
SALE00307,18-05-2024,CUST0012,PROD004,STORE01,3,6876,20628
SALE00435,27-03-2024,CUST0012,PROD004,STORE02,4,6876,27504
SALE00519,06-02-2024,CUST0012,PROD039,STORE05,3,5635,16905
SALE00685,15-06-2023,CUST0012,PROD023,STORE02,2,3681,7362
SALE00703,12-01-2023,CUST0012,PROD038,STORE05,4,5891,23564
SALE00770,31-05-2023,CUST0012,PROD010,STORE03,5,5630,28150
SALE00855,23-02-2024,CUST0012,PROD001,STORE03,4,5692,22768
SALE00873,14-07-2024,CUST0012,PROD007,STORE04,4,7626,30504
SALE00111,02-03-2024,CUST0011,PROD040,STORE02,5,5031,25155
SALE00231,31-07-2024,CUST0011,PROD024,STORE05,3,7654,22962
SALE00248,12-02-2023,CUST0011,PROD012,STORE04,3,3848,11544
SALE00328,05-04-2023,CUST0011,PROD048,STORE05,1,3031,3031
SALE00666,24-08-2023,CUST0011,PROD012,STORE03,4,3848,15392
SALE00764,30-08-2023,CUST0011,PROD007,STORE05,3,7626,22878
SALE00801,23-05-2023,CUST0011,PROD001,STORE05,5,5692,28460
SALE00979,26-02-2024,CUST0011,PROD007,STORE04,2,7626,15252
SALE00014,28-03-2024,CUST0010,PROD027,STORE04,5,3796,18980
SALE00135,08-12-2023,CUST0010,PROD032,STORE02,5,5955,29775
SALE00223,02-05-2024,CUST0010,PROD027,STORE05,2,3796,7592
SALE00382,07-05-2023,CUST0010,PROD041,STORE01,2,3610,7220
SALE00444,15-04-2024,CUST0010,PROD047,STORE04,4,8104,32416
SALE00473,30-03-2024,CUST0010,PROD034,STORE04,2,6628,13256
SALE00480,23-10-2023,CUST0010,PROD004,STORE05,3,6876,20628
SALE00538,21-04-2024,CUST0010,PROD014,STORE01,5,2098,10490
SALE00566,04-06-2024,CUST0010,PROD016,STORE04,3,1595,4785
SALE00635,21-06-2024,CUST0010,PROD016,STORE01,2,1595,3190
SALE00755,30-11-2023,CUST0010,PROD014,STORE05,2,2098,4196
SALE00928,27-04-2024,CUST0010,PROD045,STORE04,1,4489,4489
SALE00035,04-10-2023,CUST0009,PROD044,STORE04,1,9058,9058
SALE00097,06-08-2023,CUST0009,PROD031,STORE04,2,8264,16528
SALE00128,01-04-2024,CUST0009,PROD010,STORE03,3,5630,16890
SALE00155,06-05-2024,CUST0009,PROD008,STORE03,1,9001,9001
SALE00176,14-12-2023,CUST0009,PROD047,STORE02,1,8104,8104
SALE00220,19-03-2023,CUST0009,PROD031,STORE05,1,8264,8264
SALE00464,10-02-2023,CUST0009,PROD023,STORE05,2,3681,7362
SALE00886,21-04-2024,CUST0009,PROD009,STORE05,1,5675,5675
SALE00890,04-02-2024,CUST0009,PROD034,STORE02,4,6628,26512
SALE00954,26-02-2024,CUST0009,PROD019,STORE04,2,5332,10664
SALE00119,04-02-2023,CUST0008,PROD046,STORE01,1,2427,2427
SALE00219,25-05-2023,CUST0008,PROD019,STORE03,5,5332,26660
SALE00233,02-11-2023,CUST0008,PROD034,STORE03,2,6628,13256
SALE00304,12-04-2024,CUST0008,PROD016,STORE01,4,1595,6380
SALE00364,28-04-2023,CUST0008,PROD009,STORE05,5,5675,28375
SALE00409,26-12-2023,CUST0008,PROD026,STORE05,1,1736,1736
SALE00426,27-06-2023,CUST0008,PROD010,STORE01,5,5630,28150
SALE00593,09-02-2023,CUST0008,PROD039,STORE05,3,5635,16905
SALE00601,10-07-2023,CUST0008,PROD033,STORE05,3,7492,22476
SALE00669,21-01-2024,CUST0008,PROD009,STORE01,3,5675,17025
SALE00006,04-07-2024,CUST0007,PROD047,STORE04,2,8104,16208
SALE00095,04-04-2023,CUST0007,PROD011,STORE04,4,4513,18052
SALE00210,26-05-2023,CUST0007,PROD015,STORE03,1,8094,8094
SALE00384,20-02-2023,CUST0007,PROD023,STORE05,5,3681,18405
SALE00397,29-07-2023,CUST0007,PROD032,STORE01,3,5955,17865
SALE00466,02-06-2023,CUST0007,PROD024,STORE05,2,7654,15308
SALE00628,29-07-2023,CUST0007,PROD028,STORE05,2,798,1596
SALE00637,12-10-2023,CUST0007,PROD043,STORE02,4,4318,17272
SALE00657,05-03-2024,CUST0007,PROD044,STORE03,1,9058,9058
SALE00828,02-01-2023,CUST0007,PROD017,STORE03,1,3404,3404
SALE00884,17-03-2024,CUST0007,PROD017,STORE04,4,3404,13616
SALE00918,09-06-2024,CUST0007,PROD036,STORE01,1,5272,5272
SALE00075,05-01-2023,CUST0006,PROD030,STORE04,4,954,3816
SALE00204,10-09-2023,CUST0006,PROD044,STORE04,2,9058,18116
SALE00212,05-04-2024,CUST0006,PROD049,STORE02,1,7877,7877
SALE00251,09-01-2024,CUST0006,PROD041,STORE02,4,3610,14440
SALE00322,21-06-2023,CUST0006,PROD001,STORE03,2,5692,11384
SALE00549,07-08-2024,CUST0006,PROD018,STORE02,1,3863,3863
SALE00612,15-02-2023,CUST0006,PROD015,STORE05,3,8094,24282
SALE00762,25-07-2023,CUST0006,PROD005,STORE05,4,5964,23856
SALE00830,31-03-2023,CUST0006,PROD001,STORE02,1,5692,5692
SALE00872,11-03-2023,CUST0006,PROD019,STORE02,1,5332,5332
SALE00002,07-02-2024,CUST0005,PROD027,STORE05,2,3796,7592
SALE00051,19-07-2024,CUST0005,PROD026,STORE02,2,1736,3472
SALE00108,11-05-2024,CUST0005,PROD017,STORE05,4,3404,13616
SALE00427,08-01-2023,CUST0005,PROD047,STORE04,1,8104,8104
SALE00431,27-08-2023,CUST0005,PROD037,STORE05,5,1807,9035
SALE00454,05-07-2024,CUST0005,PROD032,STORE04,2,5955,11910
SALE00731,09-06-2024,CUST0005,PROD032,STORE02,2,5955,11910
SALE00743,27-09-2023,CUST0005,PROD026,STORE01,2,1736,3472
SALE00772,10-01-2024,CUST0005,PROD036,STORE03,2,5272,10544
SALE00783,01-01-2023,CUST0005,PROD006,STORE03,3,9574,28722
SALE00799,10-12-2023,CUST0005,PROD041,STORE03,1,3610,3610
SALE00880,21-06-2023,CUST0005,PROD027,STORE03,2,3796,7592
SALE00913,11-02-2023,CUST0005,PROD004,STORE03,2,6876,13752
SALE00921,10-05-2023,CUST0005,PROD048,STORE04,3,3031,9093
SALE00932,20-06-2024,CUST0005,PROD022,STORE02,4,1391,5564
SALE00317,12-07-2024,CUST0004,PROD040,STORE01,1,5031,5031
SALE00380,22-12-2023,CUST0004,PROD031,STORE03,4,8264,33056
SALE00550,10-12-2023,CUST0004,PROD029,STORE05,4,4837,19348
SALE00577,19-11-2023,CUST0004,PROD013,STORE03,3,763,2289
SALE00683,11-08-2024,CUST0004,PROD004,STORE04,4,6876,27504
SALE00750,23-07-2023,CUST0004,PROD005,STORE03,5,5964,29820
SALE00031,04-04-2024,CUST0003,PROD050,STORE03,3,297,891
SALE00043,15-02-2023,CUST0003,PROD014,STORE03,5,2098,10490
SALE00196,31-03-2023,CUST0003,PROD043,STORE04,2,4318,8636
SALE00646,21-01-2023,CUST0003,PROD050,STORE03,5,297,1485
SALE00679,05-02-2024,CUST0003,PROD042,STORE04,4,302,1208
SALE00765,06-05-2023,CUST0003,PROD011,STORE02,2,4513,9026
SALE00901,25-04-2024,CUST0003,PROD041,STORE03,2,3610,7220
SALE00134,03-03-2023,CUST0002,PROD024,STORE02,4,7654,30616
SALE00147,08-02-2023,CUST0002,PROD044,STORE01,5,9058,45290
SALE00208,05-01-2023,CUST0002,PROD024,STORE03,1,7654,7654
SALE00499,21-06-2023,CUST0002,PROD019,STORE04,3,5332,15996
SALE00504,22-07-2024,CUST0002,PROD043,STORE01,1,4318,4318
SALE00514,26-01-2024,CUST0002,PROD022,STORE01,5,1391,6955
SALE00674,28-10-2023,CUST0002,PROD038,STORE04,1,5891,5891
SALE00007,17-04-2024,CUST0001,PROD020,STORE01,2,1953,3906
SALE00126,04-10-2023,CUST0001,PROD033,STORE05,5,7492,37460
SALE00283,06-05-2023,CUST0001,PROD014,STORE04,4,2098,8392
SALE00309,13-07-2023,CUST0001,PROD032,STORE03,3,5955,17865
SALE00448,14-05-2024,CUST0001,PROD004,STORE01,2,6876,13752
SALE00493,23-10-2023,CUST0001,PROD038,STORE03,1,5891,5891
SALE00535,20-02-2024,CUST0001,PROD002,STORE05,3,7492,22476
SALE00579,14-07-2023,CUST0001,PROD020,STORE03,1,1953,1953
SALE00603,07-01-2023,CUST0001,PROD005,STORE05,5,5964,29820
SALE00645,15-03-2024,CUST0001,PROD050,STORE03,4,297,1188
SALE00733,06-07-2024,CUST0001,PROD045,STORE03,4,4489,17956
SALE00751,01-11-2023,CUST0001,PROD010,STORE02,1,5630,5630
SALE00973,30-01-2024,CUST0001,PROD015,STORE02,5,8094,40470
SALE00978,11-03-2024,CUST0001,PROD037,STORE03,5,1807,9035
SALE00037,28-03-2024,CUST0061,PROD018,STORE04,4,3863,15452
SALE00058,03-09-2023,CUST0061,PROD017,STORE05,5,3404,17020
SALE00077,26-09-2023,CUST0061,PROD014,STORE03,2,2098,4196
SALE00193,12-02-2024,CUST0061,PROD037,STORE05,4,1807,7228
SALE00218,02-04-2024,CUST0061,PROD016,STORE02,3,1595,4785
SALE00306,28-04-2023,CUST0061,PROD028,STORE01,1,798,798
SALE00330,24-08-2023,CUST0061,PROD012,STORE02,2,3848,7696
SALE00503,17-01-2023,CUST0061,PROD038,STORE01,2,5891,11782
SALE00653,07-06-2024,CUST0061,PROD027,STORE01,2,3796,7592
SALE00675,12-04-2023,CUST0061,PROD029,STORE05,1,4837,4837
SALE00730,22-04-2024,CUST0061,PROD037,STORE01,2,1807,3614
SALE00771,04-11-2023,CUST0061,PROD042,STORE04,2,302,604
SALE00786,27-12-2023,CUST0061,PROD040,STORE01,2,5031,10062
SALE00813,27-10-2023,CUST0061,PROD037,STORE04,4,1807,7228
SALE00816,02-03-2024,CUST0061,PROD046,STORE02,5,2427,12135
SALE00910,11-04-2023,CUST0061,PROD016,STORE05,4,1595,6380
SALE00939,14-10-2023,CUST0061,PROD040,STORE04,3,5031,15093
SALE00086,02-05-2024,CUST0062,PROD030,STORE05,5,954,4770
SALE00163,08-12-2023,CUST0062,PROD027,STORE05,4,3796,15184
SALE00312,27-10-2023,CUST0062,PROD023,STORE01,5,3681,18405
SALE00327,03-07-2024,CUST0062,PROD049,STORE05,3,7877,23631
SALE00336,23-10-2023,CUST0062,PROD028,STORE01,4,798,3192
SALE00353,07-07-2024,CUST0062,PROD047,STORE04,4,8104,32416
SALE00354,15-01-2023,CUST0062,PROD041,STORE02,5,3610,18050
SALE00396,16-03-2023,CUST0062,PROD024,STORE04,2,7654,15308
SALE00415,18-01-2023,CUST0062,PROD010,STORE05,1,5630,5630
SALE00422,24-02-2023,CUST0062,PROD024,STORE05,3,7654,22962
SALE00520,04-05-2024,CUST0062,PROD017,STORE05,1,3404,3404
SALE00631,16-01-2024,CUST0062,PROD034,STORE01,4,6628,26512
SALE00704,20-06-2024,CUST0062,PROD017,STORE05,5,3404,17020
SALE00726,25-09-2023,CUST0062,PROD004,STORE01,3,6876,20628
SALE00776,12-07-2023,CUST0062,PROD021,STORE01,2,6685,13370
SALE00798,31-12-2023,CUST0062,PROD019,STORE03,3,5332,15996
SALE00907,07-11-2023,CUST0062,PROD008,STORE04,3,9001,27003
SALE00012,02-01-2023,CUST0063,PROD025,STORE03,1,7380,7380
SALE00033,16-07-2024,CUST0063,PROD033,STORE01,3,7492,22476
SALE00157,17-06-2023,CUST0063,PROD027,STORE03,2,3796,7592
SALE00272,28-01-2023,CUST0063,PROD037,STORE04,2,1807,3614
SALE00321,10-01-2023,CUST0063,PROD040,STORE02,5,5031,25155
SALE00525,02-07-2023,CUST0063,PROD021,STORE03,4,6685,26740
SALE00584,07-02-2023,CUST0063,PROD005,STORE03,3,5964,17892
SALE00630,15-08-2023,CUST0063,PROD021,STORE03,4,6685,26740
SALE00700,22-01-2023,CUST0063,PROD038,STORE03,2,5891,11782
SALE00739,18-09-2023,CUST0063,PROD041,STORE05,1,3610,3610
SALE00794,16-01-2024,CUST0063,PROD049,STORE04,4,7877,31508
SALE00827,24-02-2024,CUST0063,PROD025,STORE05,2,7380,14760
SALE00841,08-08-2023,CUST0063,PROD026,STORE04,1,1736,1736
SALE00038,30-05-2024,CUST0064,PROD029,STORE02,3,4837,14511
SALE00229,24-01-2024,CUST0064,PROD014,STORE05,3,2098,6294
SALE00302,31-08-2023,CUST0064,PROD046,STORE01,5,2427,12135
SALE00699,25-01-2024,CUST0064,PROD037,STORE01,2,1807,3614
SALE00993,22-06-2023,CUST0064,PROD034,STORE02,3,6628,19884
SALE00010,24-05-2023,CUST0065,PROD009,STORE04,2,5675,11350
SALE00114,17-06-2023,CUST0065,PROD025,STORE05,2,7380,14760
SALE00120,31-03-2023,CUST0065,PROD016,STORE01,5,1595,7975
SALE00191,12-01-2023,CUST0065,PROD019,STORE01,2,5332,10664
SALE00217,18-07-2024,CUST0065,PROD002,STORE05,5,7492,37460
SALE00311,10-03-2024,CUST0065,PROD013,STORE04,5,763,3815
SALE00474,05-02-2024,CUST0065,PROD014,STORE05,2,2098,4196
SALE00553,15-01-2024,CUST0065,PROD031,STORE04,3,8264,24792
SALE00701,29-05-2024,CUST0065,PROD041,STORE04,1,3610,3610
SALE00734,16-01-2024,CUST0065,PROD012,STORE04,1,3848,3848
SALE00804,18-10-2023,CUST0065,PROD015,STORE03,4,8094,32376
SALE00201,20-07-2023,CUST0066,PROD017,STORE05,1,3404,3404
SALE00253,08-10-2023,CUST0066,PROD038,STORE01,3,5891,17673
SALE00276,07-01-2023,CUST0066,PROD013,STORE03,3,763,2289
SALE00363,05-06-2024,CUST0066,PROD018,STORE05,5,3863,19315
SALE00560,01-01-2024,CUST0066,PROD033,STORE04,2,7492,14984
SALE00622,28-04-2024,CUST0066,PROD046,STORE05,2,2427,4854
SALE00690,13-11-2023,CUST0066,PROD014,STORE04,3,2098,6294
SALE00785,31-10-2023,CUST0066,PROD022,STORE02,5,1391,6955
SALE00020,09-08-2024,CUST0067,PROD042,STORE02,1,302,302
SALE00195,14-12-2023,CUST0067,PROD045,STORE02,4,4489,17956
SALE00205,13-09-2023,CUST0067,PROD027,STORE05,5,3796,18980
SALE00225,07-09-2023,CUST0067,PROD015,STORE04,2,8094,16188
SALE00263,19-03-2023,CUST0067,PROD017,STORE05,2,3404,6808
SALE00266,02-08-2023,CUST0067,PROD028,STORE05,3,798,2394
SALE00429,18-03-2024,CUST0067,PROD025,STORE01,5,7380,36900
SALE00642,22-01-2023,CUST0067,PROD005,STORE02,3,5964,17892
SALE00735,25-03-2023,CUST0067,PROD039,STORE01,2,5635,11270
SALE00808,24-11-2023,CUST0067,PROD011,STORE01,2,4513,9026
SALE00825,05-06-2023,CUST0067,PROD006,STORE02,3,9574,28722
SALE00836,05-02-2023,CUST0067,PROD033,STORE04,4,7492,29968
SALE00942,17-01-2024,CUST0067,PROD012,STORE05,3,3848,11544
SALE00976,29-06-2024,CUST0067,PROD037,STORE04,4,1807,7228
SALE00169,01-07-2023,CUST0068,PROD039,STORE04,3,5635,16905
SALE00357,24-02-2024,CUST0068,PROD014,STORE04,5,2098,10490
SALE00358,03-07-2024,CUST0068,PROD039,STORE02,1,5635,5635
SALE00510,03-05-2024,CUST0068,PROD003,STORE02,5,1406,7030
SALE00745,13-05-2023,CUST0068,PROD018,STORE02,4,3863,15452
SALE00926,20-04-2023,CUST0068,PROD034,STORE04,5,6628,33140
SALE00019,08-02-2024,CUST0069,PROD041,STORE01,1,3610,3610
SALE00185,15-08-2023,CUST0069,PROD011,STORE02,3,4513,13539
SALE00250,02-07-2023,CUST0069,PROD032,STORE04,3,5955,17865
SALE00372,19-10-2023,CUST0069,PROD016,STORE02,2,1595,3190
SALE00383,13-01-2024,CUST0069,PROD003,STORE05,1,1406,1406
SALE00476,11-07-2024,CUST0069,PROD031,STORE04,2,8264,16528
SALE00490,26-04-2024,CUST0069,PROD043,STORE05,1,4318,4318
SALE00864,03-04-2024,CUST0069,PROD003,STORE03,4,1406,5624
SALE00917,07-01-2023,CUST0069,PROD037,STORE05,4,1807,7228
SALE00924,10-09-2023,CUST0069,PROD041,STORE01,1,3610,3610
SALE00940,31-05-2024,CUST0069,PROD020,STORE05,3,1953,5859
SALE00946,25-11-2023,CUST0069,PROD013,STORE05,4,763,3052
SALE00107,30-05-2024,CUST0070,PROD020,STORE03,2,1953,3906
SALE00280,29-04-2024,CUST0070,PROD020,STORE03,4,1953,7812
SALE00346,23-01-2023,CUST0070,PROD023,STORE01,1,3681,3681
SALE00405,13-04-2024,CUST0070,PROD038,STORE05,1,5891,5891
SALE00411,21-05-2023,CUST0070,PROD038,STORE01,3,5891,17673
SALE00451,08-05-2023,CUST0070,PROD049,STORE01,1,7877,7877
SALE00598,29-12-2023,CUST0070,PROD039,STORE01,5,5635,28175
SALE00604,10-07-2024,CUST0070,PROD041,STORE01,2,3610,7220
SALE00614,17-01-2023,CUST0070,PROD031,STORE05,2,8264,16528
SALE00660,18-07-2023,CUST0070,PROD011,STORE01,3,4513,13539
SALE00670,05-03-2023,CUST0070,PROD003,STORE01,5,1406,7030
SALE00832,20-09-2023,CUST0070,PROD020,STORE01,4,1953,7812
SALE00925,13-06-2023,CUST0070,PROD001,STORE02,1,5692,5692
SALE00970,22-06-2023,CUST0070,PROD048,STORE01,4,3031,12124
SALE00986,13-07-2024,CUST0070,PROD019,STORE01,5,5332,26660
SALE00023,22-04-2023,CUST0071,PROD027,STORE02,1,3796,3796
SALE00087,29-09-2023,CUST0071,PROD043,STORE03,5,4318,21590
SALE00160,29-01-2023,CUST0071,PROD008,STORE02,5,9001,45005
SALE00203,11-07-2024,CUST0071,PROD045,STORE01,3,4489,13467
SALE00395,20-06-2024,CUST0071,PROD009,STORE01,2,5675,11350
SALE00531,25-03-2024,CUST0071,PROD018,STORE05,3,3863,11589
SALE00652,12-06-2023,CUST0071,PROD027,STORE02,1,3796,3796
SALE00673,01-01-2024,CUST0071,PROD012,STORE03,3,3848,11544
SALE00680,15-02-2023,CUST0071,PROD015,STORE04,4,8094,32376
SALE00793,20-11-2023,CUST0071,PROD037,STORE02,2,1807,3614
SALE00812,31-10-2023,CUST0071,PROD028,STORE01,5,798,3990
SALE00981,01-02-2024,CUST0071,PROD038,STORE05,1,5891,5891
SALE00011,25-07-2024,CUST0072,PROD013,STORE03,1,763,763
SALE00359,07-04-2023,CUST0072,PROD015,STORE01,5,8094,40470
SALE00388,24-02-2024,CUST0072,PROD013,STORE04,1,763,763
SALE00400,28-06-2023,CUST0072,PROD021,STORE03,1,6685,6685
SALE00587,12-11-2023,CUST0072,PROD046,STORE04,5,2427,12135
SALE00858,23-05-2024,CUST0072,PROD042,STORE05,1,302,302
SALE00908,10-02-2024,CUST0072,PROD027,STORE03,3,3796,11388
SALE00977,16-08-2024,CUST0072,PROD030,STORE01,3,954,2862
SALE00305,16-03-2023,CUST0073,PROD029,STORE02,4,4837,19348
SALE00351,17-07-2023,CUST0073,PROD028,STORE02,3,798,2394
SALE00371,05-04-2023,CUST0073,PROD047,STORE03,3,8104,24312
SALE00455,25-08-2023,CUST0073,PROD036,STORE04,1,5272,5272
SALE00578,24-06-2024,CUST0073,PROD033,STORE03,1,7492,7492
SALE00692,25-12-2023,CUST0073,PROD017,STORE05,1,3404,3404
SALE00706,27-05-2023,CUST0073,PROD040,STORE05,4,5031,20124
SALE00727,25-08-2023,CUST0073,PROD021,STORE04,2,6685,13370
SALE01000,10-03-2024,CUST0073,PROD045,STORE03,3,4489,13467
SALE00047,09-04-2023,CUST0074,PROD029,STORE02,4,4837,19348
SALE00246,22-02-2023,CUST0074,PROD022,STORE01,2,1391,2782
SALE00446,13-09-2023,CUST0074,PROD030,STORE02,1,954,954
SALE00471,17-06-2023,CUST0074,PROD033,STORE03,2,7492,14984
SALE00516,12-05-2024,CUST0074,PROD027,STORE04,3,3796,11388
SALE00534,21-05-2023,CUST0074,PROD010,STORE04,2,5630,11260
SALE00697,18-01-2024,CUST0074,PROD036,STORE02,3,5272,15816
SALE00821,21-05-2023,CUST0074,PROD034,STORE01,3,6628,19884
SALE00822,30-11-2023,CUST0074,PROD035,STORE05,5,5349,26745
SALE00885,28-03-2024,CUST0074,PROD046,STORE05,5,2427,12135
SALE00016,09-01-2023,CUST0075,PROD038,STORE02,1,5891,5891
SALE00130,06-04-2023,CUST0075,PROD049,STORE01,5,7877,39385
SALE00318,31-03-2023,CUST0075,PROD025,STORE01,5,7380,36900
SALE00320,16-09-2023,CUST0075,PROD046,STORE01,1,2427,2427
SALE00489,21-05-2024,CUST0075,PROD015,STORE04,5,8094,40470
SALE00511,21-06-2024,CUST0075,PROD015,STORE01,2,8094,16188
SALE00561,17-04-2023,CUST0075,PROD043,STORE04,2,4318,8636
SALE00597,24-07-2024,CUST0075,PROD008,STORE01,1,9001,9001
SALE00756,25-05-2024,CUST0075,PROD042,STORE05,5,302,1510
SALE00843,10-01-2023,CUST0075,PROD022,STORE01,2,1391,2782
SALE00030,05-02-2024,CUST0076,PROD005,STORE04,1,5964,5964
SALE00139,17-03-2023,CUST0076,PROD035,STORE05,1,5349,5349
SALE00249,21-04-2023,CUST0076,PROD008,STORE02,1,9001,9001
SALE00252,26-12-2023,CUST0076,PROD009,STORE02,4,5675,22700
SALE00287,29-01-2024,CUST0076,PROD008,STORE02,3,9001,27003
SALE00337,15-12-2023,CUST0076,PROD006,STORE02,3,9574,28722
SALE00420,10-08-2023,CUST0076,PROD026,STORE05,3,1736,5208
SALE00434,06-04-2023,CUST0076,PROD029,STORE03,3,4837,14511
SALE00460,19-04-2023,CUST0076,PROD030,STORE01,2,954,1908
SALE00522,07-07-2023,CUST0076,PROD013,STORE05,5,763,3815
SALE00551,20-05-2023,CUST0076,PROD016,STORE05,3,1595,4785
SALE00848,01-03-2023,CUST0076,PROD006,STORE04,2,9574,19148
SALE00929,25-01-2023,CUST0076,PROD028,STORE04,5,798,3990
SALE00943,10-09-2023,CUST0076,PROD006,STORE05,1,9574,9574
SALE00230,05-02-2024,CUST0077,PROD036,STORE01,5,5272,26360
SALE00244,22-05-2024,CUST0077,PROD046,STORE02,4,2427,9708
SALE00369,16-02-2023,CUST0077,PROD032,STORE05,4,5955,23820
SALE00424,11-06-2023,CUST0077,PROD001,STORE03,4,5692,22768
SALE00554,03-03-2023,CUST0077,PROD037,STORE04,5,1807,9035
SALE00569,04-05-2024,CUST0077,PROD033,STORE05,3,7492,22476
SALE00606,29-01-2024,CUST0077,PROD025,STORE02,3,7380,22140
SALE00738,12-06-2023,CUST0077,PROD021,STORE04,5,6685,33425
SALE00875,22-06-2024,CUST0077,PROD029,STORE01,5,4837,24185
SALE00919,03-02-2024,CUST0077,PROD009,STORE03,5,5675,28375
SALE00944,24-03-2023,CUST0077,PROD001,STORE03,1,5692,5692
SALE00085,06-04-2023,CUST0078,PROD014,STORE03,1,2098,2098
SALE00162,10-05-2024,CUST0078,PROD021,STORE05,5,6685,33425
SALE00202,05-04-2024,CUST0078,PROD033,STORE05,4,7492,29968
SALE00214,25-05-2024,CUST0078,PROD042,STORE04,1,302,302
SALE00360,15-02-2024,CUST0078,PROD016,STORE04,1,1595,1595
SALE00403,12-10-2023,CUST0078,PROD034,STORE03,3,6628,19884
SALE00496,08-02-2023,CUST0078,PROD042,STORE02,3,302,906
SALE00576,24-09-2023,CUST0078,PROD005,STORE04,1,5964,5964
SALE00581,04-06-2024,CUST0078,PROD031,STORE02,1,8264,8264
SALE00640,06-06-2023,CUST0078,PROD028,STORE04,3,798,2394
SALE00806,24-09-2023,CUST0078,PROD045,STORE03,3,4489,13467
SALE00851,03-08-2024,CUST0078,PROD026,STORE01,1,1736,1736
SALE00178,04-01-2024,CUST0079,PROD031,STORE03,1,8264,8264
SALE00261,21-08-2023,CUST0079,PROD031,STORE02,4,8264,33056
SALE00300,16-12-2023,CUST0079,PROD009,STORE03,3,5675,17025
SALE00781,10-08-2024,CUST0079,PROD014,STORE04,3,2098,6294
SALE00153,10-08-2024,CUST0080,PROD014,STORE01,1,2098,2098
SALE00221,01-01-2023,CUST0080,PROD021,STORE05,3,6685,20055
SALE00255,03-04-2023,CUST0080,PROD043,STORE02,2,4318,8636
SALE00407,28-05-2023,CUST0080,PROD030,STORE05,4,954,3816
SALE00518,11-08-2023,CUST0080,PROD029,STORE04,4,4837,19348
SALE00714,08-06-2023,CUST0080,PROD023,STORE01,2,3681,7362
SALE00788,28-07-2024,CUST0080,PROD037,STORE04,1,1807,1807
SALE00831,16-12-2023,CUST0080,PROD049,STORE02,3,7877,23631
SALE00410,23-11-2023,CUST0081,PROD011,STORE01,1,4513,4513
SALE00488,01-09-2023,CUST0081,PROD034,STORE03,3,6628,19884
SALE00562,06-08-2023,CUST0081,PROD032,STORE02,1,5955,5955
SALE00684,13-04-2023,CUST0081,PROD009,STORE05,2,5675,11350
SALE00955,04-03-2023,CUST0081,PROD038,STORE05,5,5891,29455
SALE00987,07-04-2023,CUST0081,PROD047,STORE05,2,8104,16208
SALE00215,09-02-2024,CUST0082,PROD048,STORE05,4,3031,12124
SALE00268,03-12-2023,CUST0082,PROD023,STORE04,2,3681,7362
SALE00285,08-06-2024,CUST0082,PROD021,STORE02,4,6685,26740
SALE00335,30-06-2024,CUST0082,PROD033,STORE05,1,7492,7492
SALE00345,26-02-2024,CUST0082,PROD025,STORE04,1,7380,7380
SALE00777,02-03-2024,CUST0082,PROD001,STORE05,2,5692,11384
SALE00883,21-09-2023,CUST0082,PROD006,STORE02,4,9574,38296
SALE00290,21-04-2023,CUST0083,PROD037,STORE05,2,1807,3614
SALE00339,18-10-2023,CUST0083,PROD030,STORE02,5,954,4770
SALE00626,22-01-2023,CUST0083,PROD007,STORE02,2,7626,15252
SALE00687,23-05-2023,CUST0083,PROD038,STORE01,2,5891,11782
SALE00782,11-12-2023,CUST0083,PROD003,STORE03,4,1406,5624
SALE00041,21-06-2023,CUST0084,PROD025,STORE03,4,7380,29520
SALE00267,17-02-2023,CUST0084,PROD032,STORE02,5,5955,29775
SALE00326,25-11-2023,CUST0084,PROD013,STORE02,1,763,763
SALE00417,24-06-2023,CUST0084,PROD001,STORE05,2,5692,11384
SALE00634,03-04-2024,CUST0084,PROD011,STORE01,2,4513,9026
SALE00768,27-06-2023,CUST0084,PROD026,STORE02,4,1736,6944
SALE00791,07-08-2024,CUST0084,PROD003,STORE02,5,1406,7030
SALE00902,31-07-2024,CUST0084,PROD017,STORE05,1,3404,3404
SALE00950,05-07-2024,CUST0084,PROD035,STORE03,1,5349,5349
SALE00105,17-03-2024,CUST0085,PROD002,STORE03,1,7492,7492
SALE00413,01-11-2023,CUST0085,PROD028,STORE03,5,798,3990
SALE00725,03-09-2023,CUST0085,PROD015,STORE01,5,8094,40470
SALE00889,24-02-2023,CUST0085,PROD024,STORE02,4,7654,30616
SALE00894,05-09-2023,CUST0085,PROD022,STORE01,4,1391,5564
SALE00039,11-07-2023,CUST0086,PROD012,STORE04,1,3848,3848
SALE00040,26-05-2024,CUST0086,PROD038,STORE03,1,5891,5891
SALE00109,09-06-2023,CUST0086,PROD046,STORE02,3,2427,7281
SALE00112,25-09-2023,CUST0086,PROD020,STORE03,3,1953,5859
SALE00123,15-05-2024,CUST0086,PROD013,STORE03,2,763,1526
SALE00226,13-03-2024,CUST0086,PROD029,STORE01,3,4837,14511
SALE00282,30-09-2023,CUST0086,PROD049,STORE01,2,7877,15754
SALE00408,04-03-2023,CUST0086,PROD023,STORE02,5,3681,18405
SALE00592,19-11-2023,CUST0086,PROD008,STORE02,2,9001,18002
SALE00017,09-04-2023,CUST0087,PROD040,STORE04,3,5031,15093
SALE00100,16-10-2023,CUST0087,PROD034,STORE04,5,6628,33140
SALE00508,10-04-2024,CUST0087,PROD041,STORE02,1,3610,3610
SALE00552,02-03-2023,CUST0087,PROD014,STORE05,5,2098,10490
SALE00570,03-03-2023,CUST0087,PROD009,STORE02,1,5675,5675
SALE00775,09-05-2024,CUST0087,PROD026,STORE02,2,1736,3472
SALE00003,25-05-2024,CUST0088,PROD006,STORE02,3,9574,28722
SALE00198,23-06-2024,CUST0088,PROD047,STORE03,4,8104,32416
SALE00238,01-12-2023,CUST0088,PROD030,STORE04,4,954,3816
SALE00243,26-11-2023,CUST0088,PROD040,STORE05,1,5031,5031
SALE00381,13-05-2023,CUST0088,PROD050,STORE04,5,297,1485
SALE00386,11-02-2024,CUST0088,PROD037,STORE04,1,1807,1807
SALE00509,25-09-2023,CUST0088,PROD006,STORE04,3,9574,28722
SALE00556,17-07-2024,CUST0088,PROD017,STORE03,4,3404,13616
SALE00572,09-06-2023,CUST0088,PROD029,STORE03,3,4837,14511
SALE00758,01-01-2023,CUST0088,PROD016,STORE03,3,1595,4785
SALE00861,20-09-2023,CUST0088,PROD014,STORE05,5,2098,10490
SALE00863,16-06-2023,CUST0088,PROD032,STORE03,1,5955,5955
SALE00869,05-02-2023,CUST0088,PROD031,STORE03,5,8264,41320
SALE00958,02-04-2023,CUST0088,PROD011,STORE04,5,4513,22565
SALE00045,06-02-2023,CUST0089,PROD005,STORE05,5,5964,29820
SALE00154,15-03-2023,CUST0089,PROD025,STORE04,2,7380,14760
SALE00158,28-01-2024,CUST0089,PROD037,STORE05,2,1807,3614
SALE00292,17-08-2024,CUST0089,PROD040,STORE05,2,5031,10062
SALE00343,11-02-2023,CUST0089,PROD029,STORE01,1,4837,4837
SALE00506,22-03-2023,CUST0089,PROD048,STORE05,5,3031,15155
SALE00716,30-05-2024,CUST0089,PROD022,STORE04,4,1391,5564
SALE00807,03-01-2023,CUST0089,PROD028,STORE05,5,798,3990
SALE00893,14-04-2023,CUST0089,PROD039,STORE04,5,5635,28175
SALE00895,17-11-2023,CUST0089,PROD038,STORE01,1,5891,5891
SALE00021,24-02-2024,CUST0090,PROD023,STORE01,4,3681,14724
SALE00084,27-05-2024,CUST0090,PROD023,STORE03,2,3681,7362
SALE00279,15-01-2023,CUST0090,PROD036,STORE02,1,5272,5272
SALE00334,10-08-2024,CUST0090,PROD012,STORE05,3,3848,11544
SALE00374,11-01-2023,CUST0090,PROD039,STORE03,2,5635,11270
SALE00432,01-08-2024,CUST0090,PROD043,STORE05,3,4318,12954
SALE00465,17-01-2023,CUST0090,PROD041,STORE02,5,3610,18050
SALE00605,31-01-2023,CUST0090,PROD008,STORE02,2,9001,18002
SALE00911,04-05-2024,CUST0090,PROD044,STORE05,4,9058,36232
SALE00998,28-03-2023,CUST0090,PROD029,STORE02,3,4837,14511
SALE00148,11-02-2023,CUST0091,PROD047,STORE02,2,8104,16208
SALE00423,02-04-2024,CUST0091,PROD039,STORE02,3,5635,16905
SALE00447,14-08-2023,CUST0091,PROD023,STORE02,5,3681,18405
SALE00709,02-07-2024,CUST0091,PROD045,STORE04,1,4489,4489
SALE00741,28-10-2023,CUST0091,PROD015,STORE05,3,8094,24282
SALE00778,18-02-2024,CUST0091,PROD030,STORE03,2,954,1908
SALE00867,12-04-2023,CUST0091,PROD001,STORE05,2,5692,11384
SALE00062,05-02-2023,CUST0092,PROD018,STORE05,5,3863,19315
SALE00132,06-10-2023,CUST0092,PROD032,STORE02,1,5955,5955
SALE00200,16-05-2024,CUST0092,PROD039,STORE02,1,5635,5635
SALE00286,25-01-2023,CUST0092,PROD028,STORE03,4,798,3192
SALE00853,14-08-2023,CUST0092,PROD016,STORE02,1,1595,1595
SALE00091,10-03-2024,CUST0093,PROD009,STORE03,5,5675,28375
SALE00179,27-04-2023,CUST0093,PROD001,STORE04,2,5692,11384
SALE00189,08-01-2024,CUST0093,PROD047,STORE05,3,8104,24312
SALE00265,06-09-2023,CUST0093,PROD005,STORE05,1,5964,5964
SALE00391,05-11-2023,CUST0093,PROD046,STORE05,1,2427,2427
SALE00842,26-01-2023,CUST0093,PROD045,STORE02,1,4489,4489
SALE00068,28-07-2024,CUST0094,PROD049,STORE02,5,7877,39385
SALE00089,04-09-2023,CUST0094,PROD021,STORE03,3,6685,20055
SALE00173,20-04-2024,CUST0094,PROD006,STORE04,5,9574,47870
SALE00453,09-06-2024,CUST0094,PROD048,STORE04,1,3031,3031
SALE00505,12-01-2023,CUST0094,PROD011,STORE01,3,4513,13539
SALE00547,20-10-2023,CUST0094,PROD001,STORE04,1,5692,5692
SALE00629,27-09-2023,CUST0094,PROD012,STORE02,5,3848,19240
SALE00810,09-08-2023,CUST0094,PROD012,STORE05,2,3848,7696
SALE00856,30-03-2024,CUST0094,PROD022,STORE03,3,1391,4173
SALE00914,04-03-2024,CUST0094,PROD040,STORE01,3,5031,15093
SALE00048,26-04-2023,CUST0095,PROD009,STORE01,5,5675,28375
SALE00057,28-01-2024,CUST0095,PROD015,STORE01,3,8094,24282
SALE00232,10-03-2024,CUST0095,PROD021,STORE02,4,6685,26740
SALE00259,17-06-2024,CUST0095,PROD002,STORE01,5,7492,37460
SALE00260,27-05-2024,CUST0095,PROD019,STORE05,5,5332,26660
SALE00368,18-09-2023,CUST0095,PROD045,STORE03,5,4489,22445
SALE00399,12-06-2024,CUST0095,PROD023,STORE02,3,3681,11043
SALE00402,10-06-2023,CUST0095,PROD015,STORE03,1,8094,8094
SALE00517,21-04-2024,CUST0095,PROD038,STORE01,2,5891,11782
SALE00620,01-12-2023,CUST0095,PROD007,STORE02,5,7626,38130
SALE00676,27-01-2024,CUST0095,PROD002,STORE01,3,7492,22476
SALE00749,17-04-2023,CUST0095,PROD001,STORE01,5,5692,28460
SALE00780,30-10-2023,CUST0095,PROD011,STORE02,1,4513,4513
SALE00797,06-10-2023,CUST0095,PROD033,STORE05,3,7492,22476
SALE00920,31-07-2024,CUST0095,PROD017,STORE05,3,3404,10212
SALE00965,06-03-2023,CUST0095,PROD024,STORE02,5,7654,38270
SALE00008,31-05-2023,CUST0096,PROD050,STORE02,2,297,594
SALE00156,10-09-2023,CUST0096,PROD032,STORE03,5,5955,29775
SALE00498,17-08-2023,CUST0096,PROD024,STORE03,4,7654,30616
SALE00760,28-02-2023,CUST0096,PROD002,STORE04,5,7492,37460
SALE00904,24-03-2024,CUST0096,PROD014,STORE03,3,2098,6294
SALE00975,24-05-2024,CUST0096,PROD003,STORE03,4,1406,5624
SALE00096,28-03-2024,CUST0097,PROD016,STORE02,4,1595,6380
SALE00149,02-02-2024,CUST0097,PROD010,STORE01,2,5630,11260
SALE00689,01-11-2023,CUST0097,PROD044,STORE04,3,9058,27174
SALE00702,14-01-2023,CUST0097,PROD013,STORE02,3,763,2289
SALE00744,27-12-2023,CUST0097,PROD040,STORE01,1,5031,5031
SALE00747,29-07-2024,CUST0097,PROD044,STORE04,4,9058,36232
SALE00972,11-05-2024,CUST0097,PROD021,STORE04,4,6685,26740
SALE00004,28-05-2023,CUST0098,PROD003,STORE02,4,1406,5624
SALE00042,07-06-2023,CUST0098,PROD045,STORE01,5,4489,22445
SALE00046,11-05-2024,CUST0098,PROD031,STORE02,5,8264,41320
SALE00067,20-02-2023,CUST0098,PROD029,STORE03,1,4837,4837
SALE00247,24-07-2023,CUST0098,PROD050,STORE02,3,297,891
SALE00298,12-03-2024,CUST0098,PROD043,STORE05,5,4318,21590
SALE00590,12-08-2023,CUST0098,PROD028,STORE04,5,798,3990
SALE00754,08-09-2023,CUST0098,PROD028,STORE05,5,798,3990
SALE00862,07-07-2024,CUST0098,PROD027,STORE01,5,3796,18980
SALE00964,27-02-2024,CUST0098,PROD005,STORE02,5,5964,29820
SALE00093,12-10-2023,CUST0099,PROD041,STORE05,4,3610,14440
SALE00102,05-06-2024,CUST0099,PROD027,STORE01,5,3796,18980
SALE00436,14-06-2023,CUST0099,PROD050,STORE01,5,297,1485
SALE00523,08-04-2023,CUST0099,PROD050,STORE02,3,297,891
SALE00658,05-11-2023,CUST0099,PROD015,STORE02,3,8094,24282
SALE00055,21-01-2024,CUST0100,PROD050,STORE02,2,297,594
SALE00072,19-03-2024,CUST0100,PROD023,STORE03,5,3681,18405
SALE00074,25-07-2024,CUST0100,PROD040,STORE02,4,5031,20124
SALE00088,22-03-2024,CUST0100,PROD005,STORE02,5,5964,29820
SALE00166,11-03-2023,CUST0100,PROD018,STORE01,4,3863,15452
SALE00182,29-05-2023,CUST0100,PROD001,STORE01,5,5692,28460
SALE00194,08-01-2024,CUST0100,PROD023,STORE02,2,3681,7362
SALE00319,19-05-2023,CUST0100,PROD018,STORE04,4,3863,15452
SALE00491,03-06-2023,CUST0100,PROD011,STORE04,2,4513,9026
SALE00539,29-09-2023,CUST0100,PROD032,STORE03,4,5955,23820
SALE00607,12-03-2024,CUST0100,PROD025,STORE01,2,7380,14760
SALE00608,22-12-2023,CUST0100,PROD031,STORE05,2,8264,16528
SALE00611,12-08-2023,CUST0100,PROD023,STORE04,5,3681,18405
SALE00718,01-06-2023,CUST0100,PROD026,STORE03,2,1736,3472
SALE00923,23-09-2023,CUST0100,PROD031,STORE02,1,8264,8264
SALE00937,12-02-2023,CUST0100,PROD024,STORE03,2,7654,15308
